gene,Strategy,csy interval,csy start age,run type,QALYs,Life-years,CRC incidence,CRC death,cost,colonoscopies,csy comps,ICERs
PMS2,"Q4Y, Start age: 40",4,40,D_matrix_PMS2_4_40_both_genders.csv,29.918270448129288,46.85686932844162,0.058773790401545095,0.00955921240249811,9053.886804102443,18.40751842879457,0.018682087099992223,0.0
PMS2,"Q3Y, Start age: 40",3,40,D_matrix_PMS2_3_40_both_genders.csv,29.946605570579475,46.90740747808111,0.03245486322082399,0.00507256988246586,9114.365568749028,19.284158465035432,0.019403417554367555,2134.41
PMS2,"Q2Y, Start age: 40",2,40,D_matrix_PMS2_2_40_both_genders.csv,29.94666807343372,46.91948750433701,0.024852495028393616,0.004030543697938039,9865.884869425781,22.775138407842345,0.022201913268460764,12023759.71
